{"ProjectBreakpoints":"{\"Value\":{\"Framework/InitAllApplications.xaml\":[{\"ConditionalExpression\":null,\"ActionExpression\":null,\"ExpectedHitCounter\":null,\"ShouldContinueAfterAction\":false,\"IsEnabled\":true,\"ActivityIdRef\":\"LogMessage_5\",\"ActivityId\":\"1.33\",\"ActivityName\":\"Log Message - Perform Finished - InitAllApplications\"}],\"Application/UiOperations/Sap/FBL1HOperations.xaml\":[{\"ConditionalExpression\":null,\"ActionExpression\":null,\"ExpectedHitCounter\":null,\"ShouldContinueAfterAction\":false,\"IsEnabled\":true,\"ActivityIdRef\":\"If_1\",\"ActivityId\":\"1.81\",\"ActivityName\":\"If No Data\"}],\"Tests/_testDev.xaml\":[{\"ConditionalExpression\":null,\"ActionExpression\":null,\"ExpectedHitCounter\":null,\"ShouldContinueAfterAction\":false,\"IsEnabled\":true,\"ActivityIdRef\":\"NClick_2\",\"ActivityId\":null,\"ActivityName\":\"Click 'Alan adı'\"},{\"ConditionalExpression\":null,\"ActionExpression\":null,\"ExpectedHitCounter\":null,\"ShouldContinueAfterAction\":false,\"IsEnabled\":true,\"ActivityIdRef\":\"RetryScope_1\",\"ActivityId\":null,\"ActivityName\":\"Retry Scope\"},{\"ConditionalExpression\":null,\"ActionExpression\":null,\"ExpectedHitCounter\":null,\"ShouldContinueAfterAction\":false,\"IsEnabled\":false,\"ActivityIdRef\":\"ForEach`1_2\",\"ActivityId\":\"1.23\",\"ActivityName\":\"For Each\"},{\"ConditionalExpression\":null,\"ActionExpression\":null,\"ExpectedHitCounter\":null,\"ShouldContinueAfterAction\":false,\"IsEnabled\":true,\"ActivityIdRef\":\"RemoveDuplicateRows_1\",\"ActivityId\":\"1.82\",\"ActivityName\":\"Remove Duplicate dtExportedPrs Rows\"},{\"ConditionalExpression\":null,\"ActionExpression\":null,\"ExpectedHitCounter\":null,\"ShouldContinueAfterAction\":false,\"IsEnabled\":true,\"ActivityIdRef\":\"WriteLine_1\",\"ActivityId\":\"1.168\",\"ActivityName\":\"Write Line\"}],\"Framework/Process.xaml\":[{\"ConditionalExpression\":null,\"ActionExpression\":null,\"ExpectedHitCounter\":null,\"ShouldContinueAfterAction\":false,\"IsEnabled\":true,\"ActivityIdRef\":\"InvokeWorkflowFile_4\",\"ActivityId\":\"1.45\",\"ActivityName\":\"Invoke FBL1HOperations workflow\"},{\"ConditionalExpression\":null,\"ActionExpression\":null,\"ExpectedHitCounter\":null,\"ShouldContinueAfterAction\":false,\"IsEnabled\":true,\"ActivityIdRef\":\"InvokeWorkflowFile_5\",\"ActivityId\":\"1.41\",\"ActivityName\":\"Invoke NavigateSapTransaction workflow\"},{\"ConditionalExpression\":null,\"ActionExpression\":null,\"ExpectedHitCounter\":null,\"ShouldContinueAfterAction\":false,\"IsEnabled\":true,\"ActivityIdRef\":\"InvokeWorkflowFile_7\",\"ActivityId\":\"1.3\",\"ActivityName\":\"Invoke ZFI063Operations workflow\"},{\"ConditionalExpression\":null,\"ActionExpression\":null,\"ExpectedHitCounter\":null,\"ShouldContinueAfterAction\":false,\"IsEnabled\":true,\"ActivityIdRef\":\"InvokeWorkflowFile_2\",\"ActivityId\":\"1.23\",\"ActivityName\":\"Invoke F110Operations workflow\"}],\"Application/UiOperations/Sap/F110Operations.xaml\":[{\"ConditionalExpression\":null,\"ActionExpression\":null,\"ExpectedHitCounter\":null,\"ShouldContinueAfterAction\":false,\"IsEnabled\":true,\"ActivityIdRef\":\"Sequence_13\",\"ActivityId\":\"1.415\",\"ActivityName\":\"Pasting Satıcı Numbers\"},{\"ConditionalExpression\":null,\"ActionExpression\":null,\"ExpectedHitCounter\":null,\"ShouldContinueAfterAction\":false,\"IsEnabled\":true,\"ActivityIdRef\":\"NClick_7\",\"ActivityId\":\"1.416\",\"ActivityName\":\"Click 'Devral (F8)'\"},{\"ConditionalExpression\":null,\"ActionExpression\":null,\"ExpectedHitCounter\":null,\"ShouldContinueAfterAction\":false,\"IsEnabled\":false,\"ActivityIdRef\":\"Sequence_17\",\"ActivityId\":\"1.279\",\"ActivityName\":\"Ek Günlük Tab\"},{\"ConditionalExpression\":null,\"ActionExpression\":null,\"ExpectedHitCounter\":null,\"ShouldContinueAfterAction\":false,\"IsEnabled\":false,\"ActivityIdRef\":\"NCheckState_1\",\"ActivityId\":\"1.264\",\"ActivityName\":\"Check App State 'Önce verileri'\"},{\"ConditionalExpression\":null,\"ActionExpression\":null,\"ExpectedHitCounter\":null,\"ShouldContinueAfterAction\":false,\"IsEnabled\":true,\"ActivityIdRef\":\"Sequence_21\",\"ActivityId\":\"1.41\",\"ActivityName\":\"Check Green Boxes\"},{\"ConditionalExpression\":null,\"ActionExpression\":null,\"ExpectedHitCounter\":null,\"ShouldContinueAfterAction\":false,\"IsEnabled\":true,\"ActivityIdRef\":\"If_3\",\"ActivityId\":\"1.42\",\"ActivityName\":\"If Three Squares are Green?\"},{\"ConditionalExpression\":null,\"ActionExpression\":null,\"ExpectedHitCounter\":null,\"ShouldContinueAfterAction\":false,\"IsEnabled\":true,\"ActivityIdRef\":\"Sequence_14\",\"ActivityId\":\"1.367\",\"ActivityName\":\"Parametreler Tab\"},{\"ConditionalExpression\":null,\"ActionExpression\":null,\"ExpectedHitCounter\":null,\"ShouldContinueAfterAction\":false,\"IsEnabled\":true,\"ActivityIdRef\":\"Sequence_15\",\"ActivityId\":\"1.315\",\"ActivityName\":\"Serbest Seçim Tab\"},{\"ConditionalExpression\":null,\"ActionExpression\":null,\"ExpectedHitCounter\":null,\"ShouldContinueAfterAction\":false,\"IsEnabled\":true,\"ActivityIdRef\":\"Sequence_20\",\"ActivityId\":\"1.167\",\"ActivityName\":\"Öneri Tab-1\"},{\"ConditionalExpression\":null,\"ActionExpression\":null,\"ExpectedHitCounter\":null,\"ShouldContinueAfterAction\":false,\"IsEnabled\":true,\"ActivityIdRef\":\"Sequence_37\",\"ActivityId\":\"1.107\",\"ActivityName\":\"Öneri Tab-2\"},{\"ConditionalExpression\":null,\"ActionExpression\":null,\"ExpectedHitCounter\":null,\"ShouldContinueAfterAction\":false,\"IsEnabled\":true,\"ActivityIdRef\":\"If_7\",\"ActivityId\":\"1.175\",\"ActivityName\":\"If Green CheckBox\"}],\"Main.xaml\":[{\"ConditionalExpression\":null,\"ActionExpression\":null,\"ExpectedHitCounter\":null,\"ShouldContinueAfterAction\":false,\"IsEnabled\":true,\"ActivityIdRef\":\"If_18\",\"ActivityId\":\"1.147\",\"ActivityName\":\"If IsInputExists\"}]}}","ProjectWatches":"{\"Value\":[{\"Id\":\"b2360b33-e3ad-4a16-95ff-f416c345d804\",\"Expression\":\"item\"}]}","OpenedDocuments":"[\"Framework/InitAllApplications.xaml\",\"Application/UiOperations/Sap/FBL1HOperations.xaml\",\"Framework/Process.xaml\",\"Application/UiOperations/Sap/F110Operations.xaml\",\"Main.xaml\",\"Application/UiOperations/Eba/LoginEba.xaml\",\"Application/UiOperations/Sap/ZFI063Operations.xaml\",\"Tests/_testtt.xaml\"]"}