{"ProjectBreakpoints":"{\"Value\":{\"Application/UiOperations/Eba/EbaOnayRetOperations.xaml\":[{\"ConditionalExpression\":null,\"ActionExpression\":null,\"ExpectedHitCounter\":null,\"ShouldContinueAfterAction\":false,\"IsEnabled\":true,\"ActivityIdRef\":\"If_2\",\"ActivityId\":\"1.259\",\"ActivityName\":\"If has dublicate or no data after filter\"},{\"ConditionalExpression\":null,\"ActionExpression\":null,\"ExpectedHitCounter\":null,\"ShouldContinueAfterAction\":false,\"IsEnabled\":true,\"ActivityIdRef\":\"NExtractData_1\",\"ActivityId\":\"1.293\",\"ActivityName\":\"Extract Table Data\"},{\"ConditionalExpression\":null,\"ActionExpression\":null,\"ExpectedHitCounter\":null,\"ShouldContinueAfterAction\":false,\"IsEnabled\":true,\"ActivityIdRef\":\"If_1\",\"ActivityId\":\"1.40\",\"ActivityName\":\"If Need to be Confirmed\"},{\"ConditionalExpression\":null,\"ActionExpression\":null,\"ExpectedHitCounter\":null,\"ShouldContinueAfterAction\":false,\"IsEnabled\":true,\"ActivityIdRef\":\"AddDataRow_1\",\"ActivityId\":\"1.145\",\"ActivityName\":\"Add DtConfirmed\"},{\"ConditionalExpression\":null,\"ActionExpression\":null,\"ExpectedHitCounter\":null,\"ShouldContinueAfterAction\":false,\"IsEnabled\":true,\"ActivityIdRef\":\"If_3\",\"ActivityId\":\"1.130\",\"ActivityName\":\"If Uyarı or Hata Popup\"},{\"ConditionalExpression\":null,\"ActionExpression\":null,\"ExpectedHitCounter\":null,\"ShouldContinueAfterAction\":false,\"IsEnabled\":true,\"ActivityIdRef\":\"NCheckState_5\",\"ActivityId\":\"1.213\",\"ActivityName\":\"Check App State 'Another tarayıcı uyarısı'\"}],\"Main.xaml\":[{\"ConditionalExpression\":null,\"ActionExpression\":null,\"ExpectedHitCounter\":null,\"ShouldContinueAfterAction\":false,\"IsEnabled\":true,\"ActivityIdRef\":\"ForEachFileX_2\",\"ActivityId\":\"1.186\",\"ActivityName\":\"For Each File in Folder\"},{\"ConditionalExpression\":null,\"ActionExpression\":null,\"ExpectedHitCounter\":null,\"ShouldContinueAfterAction\":false,\"IsEnabled\":false,\"ActivityIdRef\":\"If_16\",\"ActivityId\":\"1.69\",\"ActivityName\":\"If Input Exists Init Apps\"},{\"ConditionalExpression\":null,\"ActionExpression\":null,\"ExpectedHitCounter\":null,\"ShouldContinueAfterAction\":false,\"IsEnabled\":true,\"ActivityIdRef\":\"If_18\",\"ActivityId\":\"1.156\",\"ActivityName\":\"If IsInputExists\"},{\"ConditionalExpression\":null,\"ActionExpression\":null,\"ExpectedHitCounter\":null,\"ShouldContinueAfterAction\":false,\"IsEnabled\":true,\"ActivityIdRef\":\"InvokeWorkflowFile_41\",\"ActivityId\":\"1.76\",\"ActivityName\":\"Invoke DecideTanitici workflow\"}],\"Framework/Process.xaml\":[{\"ConditionalExpression\":null,\"ActionExpression\":null,\"ExpectedHitCounter\":null,\"ShouldContinueAfterAction\":false,\"IsEnabled\":true,\"ActivityIdRef\":\"MultipleAssign_2\",\"ActivityId\":\"1.46\",\"ActivityName\":\"Multiple Assign TransactionItem & Config\"},{\"ConditionalExpression\":null,\"ActionExpression\":null,\"ExpectedHitCounter\":null,\"ShouldContinueAfterAction\":false,\"IsEnabled\":true,\"ActivityIdRef\":\"If_1\",\"ActivityId\":\"1.33\",\"ActivityName\":\"If Group Code S4P\"},{\"ConditionalExpression\":null,\"ActionExpression\":null,\"ExpectedHitCounter\":null,\"ShouldContinueAfterAction\":false,\"IsEnabled\":true,\"ActivityIdRef\":\"InvokeWorkflowFile_4\",\"ActivityId\":\"1.2\",\"ActivityName\":\"Invoke EbaOnayRetOperations workflow\"}],\"Application/UiOperations/Eba/LoginEba.xaml\":[{\"ConditionalExpression\":null,\"ActionExpression\":null,\"ExpectedHitCounter\":null,\"ShouldContinueAfterAction\":false,\"IsEnabled\":false,\"ActivityIdRef\":\"LogMessage_2\",\"ActivityId\":\"1.105\",\"ActivityName\":\"Log Message - Initialization Finished - LoginCamport\"}],\"Framework/InitAllApplications.xaml\":[{\"ConditionalExpression\":null,\"ActionExpression\":null,\"ExpectedHitCounter\":null,\"ShouldContinueAfterAction\":false,\"IsEnabled\":false,\"ActivityIdRef\":\"MultipleAssign_1\",\"ActivityId\":\"1.80\",\"ActivityName\":\"Multiple Assign Sap Information\"},{\"ConditionalExpression\":null,\"ActionExpression\":null,\"ExpectedHitCounter\":null,\"ShouldContinueAfterAction\":false,\"IsEnabled\":true,\"ActivityIdRef\":\"Switch`1_1\",\"ActivityId\":\"1.52\",\"ActivityName\":\"Switch\"},{\"ConditionalExpression\":null,\"ActionExpression\":null,\"ExpectedHitCounter\":null,\"ShouldContinueAfterAction\":false,\"IsEnabled\":true,\"ActivityIdRef\":\"InvokeWorkflowFile_3\",\"ActivityId\":\"1.39\",\"ActivityName\":\"Invoke LoginSap workflow\"}],\"Application/UiOperations/Sap/CheckSapOnayOrRet.xaml\":[{\"ConditionalExpression\":null,\"ActionExpression\":null,\"ExpectedHitCounter\":null,\"ShouldContinueAfterAction\":false,\"IsEnabled\":true,\"ActivityIdRef\":\"NGetText_1\",\"ActivityId\":\"1.91\",\"ActivityName\":\"Get Text 'Belge Tutarı'\"},{\"ConditionalExpression\":null,\"ActionExpression\":null,\"ExpectedHitCounter\":null,\"ShouldContinueAfterAction\":false,\"IsEnabled\":true,\"ActivityIdRef\":\"Sequence_16\",\"ActivityId\":\"1.53\",\"ActivityName\":\"Get Details\"}],\"Tests/_testDev.xaml\":[{\"ConditionalExpression\":null,\"ActionExpression\":null,\"ExpectedHitCounter\":null,\"ShouldContinueAfterAction\":false,\"IsEnabled\":true,\"ActivityIdRef\":\"WriteLine_1\",\"ActivityId\":\"1.6\",\"ActivityName\":\"Write Line\"},{\"ConditionalExpression\":null,\"ActionExpression\":null,\"ExpectedHitCounter\":null,\"ShouldContinueAfterAction\":false,\"IsEnabled\":true,\"ActivityIdRef\":\"WriteLine_4\",\"ActivityId\":\"1.4\",\"ActivityName\":\"Write Line\"}],\"Application/UiOperations/Sap/DecideTanitici.xaml\":[{\"ConditionalExpression\":null,\"ActionExpression\":null,\"ExpectedHitCounter\":null,\"ShouldContinueAfterAction\":false,\"IsEnabled\":true,\"ActivityIdRef\":\"Sequence_11\",\"ActivityId\":\"1.65\",\"ActivityName\":\"Target appears\"},{\"ConditionalExpression\":null,\"ActionExpression\":null,\"ExpectedHitCounter\":null,\"ShouldContinueAfterAction\":false,\"IsEnabled\":true,\"ActivityIdRef\":\"NCheckState_1\",\"ActivityId\":\"1.55\",\"ActivityName\":\"Check App State 'Dosya Gönder'\"}]}}","ProjectWatches":"{\"Value\":[]}","OpenedDocuments":"[\"Main.xaml\"]"}