{"ProjectBreakpoints":"{\"Value\":{\"Main.xaml\":[{\"ConditionalExpression\":null,\"ActionExpression\":null,\"ExpectedHitCounter\":null,\"ShouldContinueAfterAction\":false,\"IsEnabled\":false,\"ActivityIdRef\":\"If_18\",\"ActivityId\":\"1.145\",\"ActivityName\":\"If IsInputExists\"},{\"ConditionalExpression\":null,\"ActionExpression\":null,\"ExpectedHitCounter\":null,\"ShouldContinueAfterAction\":false,\"IsEnabled\":false,\"ActivityIdRef\":\"If_16\",\"ActivityId\":\"1.69\",\"ActivityName\":\"If Input Exists Init Apps\"},{\"ConditionalExpression\":null,\"ActionExpression\":null,\"ExpectedHitCounter\":null,\"ShouldContinueAfterAction\":false,\"IsEnabled\":true,\"ActivityIdRef\":\"Sequence_34\",\"ActivityId\":\"1.144\",\"ActivityName\":\"End of process activities\"}],\"Application/UiOperations/Eba/LoginEba.xaml\":[{\"ConditionalExpression\":null,\"ActionExpression\":null,\"ExpectedHitCounter\":null,\"ShouldContinueAfterAction\":false,\"IsEnabled\":false,\"ActivityIdRef\":\"NApplicationCard_1\",\"ActivityId\":\"1.66\",\"ActivityName\":\"Use Browser Chrome: eBA Doküman ve İş Akışı Yönetim Sistemi\"},{\"ConditionalExpression\":null,\"ActionExpression\":null,\"ExpectedHitCounter\":null,\"ShouldContinueAfterAction\":false,\"IsEnabled\":false,\"ActivityIdRef\":\"LogMessage_4\",\"ActivityId\":\"1.36\",\"ActivityName\":\"Log Message - Perform Finished - LoginCamport\"},{\"ConditionalExpression\":null,\"ActionExpression\":null,\"ExpectedHitCounter\":null,\"ShouldContinueAfterAction\":false,\"IsEnabled\":false,\"ActivityIdRef\":\"NTypeInto_2\",\"ActivityId\":\"1.76\",\"ActivityName\":\"Type Into 'Password'\"},{\"ConditionalExpression\":null,\"ActionExpression\":null,\"ExpectedHitCounter\":null,\"ShouldContinueAfterAction\":false,\"IsEnabled\":true,\"ActivityIdRef\":\"NTypeInto_4\",\"ActivityId\":\"1.111\",\"ActivityName\":\"Type Into 'Şifre'\"},{\"ConditionalExpression\":null,\"ActionExpression\":null,\"ExpectedHitCounter\":null,\"ShouldContinueAfterAction\":false,\"IsEnabled\":true,\"ActivityIdRef\":\"Sequence_4\",\"ActivityId\":\"1.40\",\"ActivityName\":\"Perform - LoginCamport\"}],\"Framework/Process.xaml\":[{\"ConditionalExpression\":null,\"ActionExpression\":null,\"ExpectedHitCounter\":null,\"ShouldContinueAfterAction\":false,\"IsEnabled\":false,\"ActivityIdRef\":\"InvokeWorkflowFile_1\",\"ActivityId\":\"1.24\",\"ActivityName\":\"Invoke NavigateIsAkisYonetimi workflow\"},{\"ConditionalExpression\":null,\"ActionExpression\":null,\"ExpectedHitCounter\":null,\"ShouldContinueAfterAction\":false,\"IsEnabled\":false,\"ActivityIdRef\":\"InvokeWorkflowFile_3\",\"ActivityId\":\"1.2\",\"ActivityName\":\"Invoke AddQueueOperation workflow\"}],\"Tests/_TestExtraction.xaml\":[{\"ConditionalExpression\":null,\"ActionExpression\":null,\"ExpectedHitCounter\":null,\"ShouldContinueAfterAction\":false,\"IsEnabled\":false,\"ActivityIdRef\":\"WriteLine_1\",\"ActivityId\":\"1.2\",\"ActivityName\":\"Write Line\"}],\"Application/UiOperations/AddQueueOperation.xaml\":[{\"ConditionalExpression\":null,\"ActionExpression\":null,\"ExpectedHitCounter\":null,\"ShouldContinueAfterAction\":false,\"IsEnabled\":false,\"ActivityIdRef\":\"Assign_2\",\"ActivityId\":\"1.157\",\"ActivityName\":\"Assign - dtQueue\"},{\"ConditionalExpression\":null,\"ActionExpression\":null,\"ExpectedHitCounter\":null,\"ShouldContinueAfterAction\":false,\"IsEnabled\":false,\"ActivityIdRef\":\"LogMessage_4\",\"ActivityId\":\"1.33\",\"ActivityName\":\"Log Message - Perform Finished - AddQueueOperation\"},{\"ConditionalExpression\":null,\"ActionExpression\":null,\"ExpectedHitCounter\":null,\"ShouldContinueAfterAction\":false,\"IsEnabled\":false,\"ActivityIdRef\":\"AddQueueItem_1\",\"ActivityId\":\"1.42\",\"ActivityName\":\"Add Queue Item\"},{\"ConditionalExpression\":null,\"ActionExpression\":null,\"ExpectedHitCounter\":null,\"ShouldContinueAfterAction\":false,\"IsEnabled\":false,\"ActivityIdRef\":\"NTypeInto_1\",\"ActivityId\":\"1.136\",\"ActivityName\":\"Type Into 'Süreç No'\"},{\"ConditionalExpression\":null,\"ActionExpression\":null,\"ExpectedHitCounter\":null,\"ShouldContinueAfterAction\":false,\"IsEnabled\":false,\"ActivityIdRef\":\"ForEachRow_1\",\"ActivityId\":\"1.38\",\"ActivityName\":\"For Each Row in Data Table\"}],\"Application/UiOperations/Eba/FilterAndTakeDataFromEba.xaml\":[{\"ConditionalExpression\":null,\"ActionExpression\":null,\"ExpectedHitCounter\":null,\"ShouldContinueAfterAction\":false,\"IsEnabled\":false,\"ActivityIdRef\":\"NApplicationCard_4\",\"ActivityId\":\"1.265\",\"ActivityName\":\"Use Application/Browser\"},{\"ConditionalExpression\":null,\"ActionExpression\":null,\"ExpectedHitCounter\":null,\"ShouldContinueAfterAction\":false,\"IsEnabled\":false,\"ActivityIdRef\":\"Assign_2\",\"ActivityId\":\"1.300\",\"ActivityName\":\"Assign dtHeaders\"},{\"ConditionalExpression\":null,\"ActionExpression\":null,\"ExpectedHitCounter\":null,\"ShouldContinueAfterAction\":false,\"IsEnabled\":false,\"ActivityIdRef\":\"AddDataRow_2\",\"ActivityId\":\"1.67\",\"ActivityName\":\"Add Data Row - Filtered\"},{\"ConditionalExpression\":null,\"ActionExpression\":null,\"ExpectedHitCounter\":null,\"ShouldContinueAfterAction\":false,\"IsEnabled\":false,\"ActivityIdRef\":\"Sequence_24\",\"ActivityId\":\"1.48\",\"ActivityName\":\"Remove Duplicate\"},{\"ConditionalExpression\":null,\"ActionExpression\":null,\"ExpectedHitCounter\":null,\"ShouldContinueAfterAction\":false,\"IsEnabled\":false,\"ActivityIdRef\":\"Assign_4\",\"ActivityId\":\"1.260\",\"ActivityName\":\"Assign dtFormData\"},{\"ConditionalExpression\":null,\"ActionExpression\":null,\"ExpectedHitCounter\":null,\"ShouldContinueAfterAction\":false,\"IsEnabled\":false,\"ActivityIdRef\":\"AddDataRow_1\",\"ActivityId\":\"1.72\",\"ActivityName\":\"Add Data Row - dtReport\"},{\"ConditionalExpression\":null,\"ActionExpression\":null,\"ExpectedHitCounter\":null,\"ShouldContinueAfterAction\":false,\"IsEnabled\":false,\"ActivityIdRef\":\"Sequence_15\",\"ActivityId\":\"1.237\",\"ActivityName\":\"Take Data\"},{\"ConditionalExpression\":null,\"ActionExpression\":null,\"ExpectedHitCounter\":null,\"ShouldContinueAfterAction\":false,\"IsEnabled\":false,\"ActivityIdRef\":\"WriteRange_2\",\"ActivityId\":\"1.191\",\"ActivityName\":\"Write Range\"},{\"ConditionalExpression\":null,\"ActionExpression\":null,\"ExpectedHitCounter\":null,\"ShouldContinueAfterAction\":false,\"IsEnabled\":false,\"ActivityIdRef\":\"LogMessage_11\",\"ActivityId\":\"1.127\",\"ActivityName\":\"Log Message - prSicilNo of deleted Concur Number\"},{\"ConditionalExpression\":null,\"ActionExpression\":null,\"ExpectedHitCounter\":null,\"ShouldContinueAfterAction\":false,\"IsEnabled\":false,\"ActivityIdRef\":\"LogMessage_4\",\"ActivityId\":\"1.43\",\"ActivityName\":\"Log Message - Perform Finished - FilterAndTakeDataFromEba\"},{\"ConditionalExpression\":null,\"ActionExpression\":null,\"ExpectedHitCounter\":null,\"ShouldContinueAfterAction\":false,\"IsEnabled\":false,\"ActivityIdRef\":\"If_4\",\"ActivityId\":\"1.209\",\"ActivityName\":\"If Data Exists?\"},{\"ConditionalExpression\":null,\"ActionExpression\":null,\"ExpectedHitCounter\":null,\"ShouldContinueAfterAction\":false,\"IsEnabled\":false,\"ActivityIdRef\":\"NClick_2\",\"ActivityId\":\"1.118\",\"ActivityName\":\"Click - Reddet\"},{\"ConditionalExpression\":null,\"ActionExpression\":null,\"ExpectedHitCounter\":null,\"ShouldContinueAfterAction\":false,\"IsEnabled\":false,\"ActivityIdRef\":\"Assign_23\",\"ActivityId\":\"1.232\",\"ActivityName\":\"Assign\"}],\"Framework/ExceptionHandlers/InitErrorHandler.xaml\":[{\"ConditionalExpression\":null,\"ActionExpression\":null,\"ExpectedHitCounter\":null,\"ShouldContinueAfterAction\":false,\"IsEnabled\":false,\"ActivityIdRef\":\"InvokeWorkflowFile_4\",\"ActivityId\":\"1.31\",\"ActivityName\":\"Invoke SendExceptionMail workflow\"}]}}","ProjectWatches":"{\"Value\":[{\"Id\":\"01ff4094-12e0-473b-8f1c-9b5952229fdf\",\"Expression\":\"prSicilNo\"}]}","OpenedDocuments":"[\"Framework/InitAllApplications.xaml\",\"Application/UiOperations/Eba/LoginEba.xaml\",\"Application/UiOperations/Eba/FilterAndTakeDataFromEba.xaml\",\"Framework/Process.xaml\",\"Framework/GetQueueMaxRetryNumber.xaml\",\"Framework/RetryCurrentTransaction.xaml\",\"Framework/SetTransactionStatus.xaml\",\"Main.xaml\"]","LibraryProjectSettings":"{\"IncludeSourcesByDefault\":true,\"UseCompilerV2\":false,\"CompileExpressions\":true,\"DefaultActivitiesRootCategories\":[null]}"}